Intent,Generated Question
HOME,How long has the company been operating in self-service kiosks for indoor and outdoor environments?
HOME,How long has the company been in business?
HOME,How long has the kiosk company been in business?
HOME,How long has the company been operating in self service kiosks for indoor and outdoor environments?
HOME,How long has the company been operating in self-service kiosks?
HOME,How long has the company been in operation?
HOME,How long has the kiosk company been in operation?
HOME,How long has the company been operating in self-service kiosks for outdoor and indoor environments?
HOME,How long has the company been operating in self-service kiosks for indoor and outdoor locations?
HOME,How long has the company been operating in self-service kiosks for indoor and outdoor settings?
HOME,What type of kiosks have been developed by Barrla Systems?
HOME,What type of kiosks does Barrla Systems have?
HOME,What type of kiosks has Barrla Systems developed?
HOME,What kind of kiosks does Barrla Systems have?
HOME,What type of kiosks has Barrla Systems developed?
HOME,What type of kiosks does Barrla Systems develop?
HOME,What kind of kiosks has Barrla Systems developed?
HOME,What type of kiosks are developed by Barrla Systems?
HOME,What kind of kiosks does Barrla Systems develop?
HOME,What type of kiosks have been developed by Barrla systems?
HOME,What did Barrla put all this experience of dealing with banks to IoT devices and networks?
HOME,What did Barrla put all this experience of dealing with banks to?
HOME,What do we know about Barrla's IoT Portal?
HOME,What do you know about Barrla's IoT Portal?
HOME,What do you know about Barrla IoT Portal?
HOME,What do we know about Barrla IoT Portal?
HOME,What does Barrla stand for?
HOME,What did Barrla put all this experience of dealing with banks to IoT devices and networks for?
HOME,What do we know about Barrla's IoT portal?
HOME,What is the main idea of Barrla IoT Portal?
ABOUT US,What does Barrla Systems stand for?
ABOUT US,What does Barrla Systems specialize in?
ABOUT US,What do we know about Barrla Systems?
ABOUT US,What does Barrla Systems do?
ABOUT US,What kind of company is Barrla Systems?
ABOUT US,What kind of company does Barrla Systems work for?
ABOUT US,What does Barrla Systems do for a living?
ABOUT US,What does Barrla Systems do for customers?
ABOUT US,What does Barrla Systems offer?
ABOUT US,What does Barrla Systems provide?
ABOUT US,What does Barrla Systems stand for?
ABOUT US,What do you know about Barrla Systems?
ABOUT US,What do we know about Barrla Systems?
ABOUT US,What do we learn about Barrla Systems?
ABOUT US,Which of the following is true about Barrla Systems?
ABOUT US,What is the main purpose of Barrla Systems?
ABOUT US,What is the purpose of Barrla Systems?
ABOUT US,What did Barrla Systems do for a living?
ABOUT US,What do we know about Barrla Systems from the text?
ABOUT US,What do we know about Barrla Systems from the passage?
ABOUT US,How are users and roles defined?
ABOUT US,What are users and roles defined centrally?
ABOUT US,What are the users and roles defined centrally?
ABOUT US,What are the users & roles defined as?
ABOUT US,What are the users & roles defined centrally?
ABOUT US,What are the users and roles defined as?
ABOUT US,What are the users & roles?
ABOUT US,What are the users & roles of Service level management modules?
ABOUT US,What are the users & roles of Service Level Management modules?
ABOUT US,What are users and roles defined as?
ABOUT US,What can EOD operations be managed centrally?
ABOUT US,What can be managed centrally?
ABOUT US,What type of operations can be managed centrally?
ABOUT US,What can be done at a central level?
ABOUT US,What can be done at the central level?
ABOUT US,What can EOD operations be managed by centrally?
ABOUT US,What can EOD operations be managed in a central manner?
ABOUT US,What can EOD operations be managed in centrally?
ABOUT US,What can be done with EOD operations?
ABOUT US,What can be done by centrally?
WHY US,What does Barrla Systems specialize in?
WHY US,What services does Barrla Systems provide for banks and financial institutions?
WHY US,What does Barrla Systems do for banks and financial institutions?
WHY US,What services does Barrla Systems offer?
WHY US,What kind of services does Barrla Systems offer?
WHY US,What type of services does Barrla Systems offer?
WHY US,What services does Barrla Systems provide?
WHY US,What kind of services does Barrla Systems provide?
WHY US,What type of services does Barrla Systems provide?
WHY US,What type of apps does Barrla Systems cover?
WHY US,What are the benefits of Barrla kiosks?
WHY US,What are the features of Barrla kiosks?
WHY US,What is a feature of Barrla kiosks?
WHY US,What can be done at Barrla kiosks?
WHY US,What do Barrla kiosks have in common?
WHY US,What do Barrla kiosks support?
WHY US,What does Barrla kiosks support?
WHY US,What does Barrla kiosk support?
WHY US,What do Barrla kiosks enable?
WHY US,What do Barrla kiosks have in common with other banks?
WHY US,What does Barrla Kiosk stand for?
WHY US,What are the advantages of Barrla Kiosk?
WHY US,What are the advantages of Barrla kiosks?
WHY US,How does Barrla Kiosk work?
WHY US,What are the benefits of Barrla Kiosk?
WHY US,What are the features of Barrla Kiosk?
WHY US,What does Barrla Kiosk mean?
WHY US,What is Barrla Kiosk?
WHY US,What does Barrla Kiosk mean to you?
WHY US,What does Barrla Kiosk mean in terms of cost?
SOLUTIONS,What is the main idea of this passage?
SOLUTIONS,What does the text mainly talk about?
SOLUTIONS,What is the text mainly about?
SOLUTIONS,What is the main purpose of this passage?
SOLUTIONS,What is the purpose of this passage?
SOLUTIONS,What is the main idea of this text?
SOLUTIONS,What does the text mainly tell us?
SOLUTIONS,What is the purpose of this text?
SOLUTIONS,What does the text mainly discuss?
SOLUTIONS,What do you need to know about the devices?
SOLUTIONS,What portal is used to manage the Barrla Kiosk?
SOLUTIONS,What portal is used to manage Barrla Kiosk?
SOLUTIONS,What portal does Barrla Kiosk have access to?
SOLUTIONS,What portal is used for managing Barrla Kiosk?
SOLUTIONS,What portal does Barrla Kiosk use?
SOLUTIONS,What portal is used to manage the Barrla Kiosk terminal?
SOLUTIONS,What portal is used to manage the Barrla Kiosk Terminal?
SOLUTIONS,What portal does Barrla Kiosk have?
SOLUTIONS,What portal is used to manage Barrla Kiosk Terminal?
SOLUTIONS,What portal does Barrla Kiosk use to manage its operations?
SOLUTIONS,What do we know about the KTM?
SOLUTIONS,What do we know about the KTM's architecture?
SOLUTIONS,What does the KTM have in common with a decoupled architecture?
SOLUTIONS,What does the KTM stand for?
SOLUTIONS,What is the KTM's architecture?
SOLUTIONS,What does the KTM provide?
SOLUTIONS,What is the KTM's main advantage?
SOLUTIONS,What is the KTM's purpose?
SOLUTIONS,What does the KTM have in common with other airports?
SOLUTIONS,What is the KTM's solution?
SOLUTIONS,What does Barrla Systems Management software allow users to do?
SOLUTIONS,What does Barrla Systems Management application software allow users to do?
SOLUTIONS,What is the main function of Barrla Systems Management application software?
SOLUTIONS,What does Barrla Systems Management software enable users to do?
SOLUTIONS,What does Barrla Systems Management allow users to do?
SOLUTIONS,What is the main function of Barrla Systems Management?
SOLUTIONS,What is the main function of Barrla Systems Management software?
SOLUTIONS,What does Barrla Systems Management software allow users to manage?
SOLUTIONS,What does Barrla Systems Management allow users to do via software?
SOLUTIONS,What does Barrla Systems Management software allow users to do via cloud?
SOLUTIONS,What can terminal statuses be changed from the Cloud?
SOLUTIONS,What can terminal statuses be changed from the cloud?
SOLUTIONS,What can terminals be changed from the Cloud?
SOLUTIONS,What can be changed from the cloud?
SOLUTIONS,How can terminal statuses be changed from the Cloud?
SOLUTIONS,How can terminal statuses be changed from the cloud?
SOLUTIONS,What can terminals be changed from the cloud?
SOLUTIONS,What can be changed from the Cloud?
SOLUTIONS,How can terminal statuses be changed?
SOLUTIONS,What can terminals do from the cloud?
SOLUTIONS,How are Terminal / Device Statuses reported?
SOLUTIONS,How are Terminal / Device Statuses communicated?
SOLUTIONS,How are Terminal and Device Statuses reported?
SOLUTIONS,What notifications are used to report Terminal / Device Statuses?
SOLUTIONS,How are Terminal and Device Statuses communicated?
SOLUTIONS,How are Terminal / Device Status's reported?
SOLUTIONS,How are Terminal / Device statuses reported?
SOLUTIONS,What are notifications based on?
SOLUTIONS,How are Terminal / Device Statuses received?
SOLUTIONS,What notifications are used to report Terminal / Device Status?
SOLUTIONS,What application can monitor other terminals that provide information via XFS-SNMP protocol?
SOLUTIONS,What application can monitor other terminals that provide information via XFS-SNMP?
SOLUTIONS,What is the purpose of monitoring other terminals that provide information via XFS-SNMP protocol?
SOLUTIONS,What application can monitor other terminals that provide information via the XFS-SNMP protocol?
SOLUTIONS,What application can monitor other terminals that provide information through XFS-SNMP protocol?
SOLUTIONS,What application can monitor other terminals via XFS-SNMP protocol?
SOLUTIONS,What is the purpose of monitoring other terminals that provide information via XFS-SNMP?
SOLUTIONS,What is the XFS-SNMP protocol?
SOLUTIONS,What application can monitor other terminals that provide information through XFS-SNMP?
SOLUTIONS,What application can monitor other terminals via XFS-SNMP?
SOLUTIONS,What can be configured and shared by the reporting heads?
SOLUTIONS,Which reports can be configured and shared?
SOLUTIONS,What reports can be configured and shared?
SOLUTIONS,What can be configured and shared by reporting heads?
SOLUTIONS,How are reports configured and shared?
SOLUTIONS,What can be shared between reporting heads?
SOLUTIONS,What can be configured and shared?
SOLUTIONS,What are the reporting heads responsible for?
SOLUTIONS,What reports can be configured & shared?
SOLUTIONS,What reports can be configured & shared by reporting heads?
SOLUTIONS,What is the real time reporting dashboard for Barrla Systems Monitoring?
SOLUTIONS,What is the main feature of Barrla Systems Monitoring application software?
SOLUTIONS,What is the real time reporting dashboard for Barrla Systems Monitoring software?
SOLUTIONS,What is the most important feature of Barrla Systems Monitoring application software?
SOLUTIONS,What is the main function of Barrla Systems Monitoring application software?
SOLUTIONS,What does Barrla Systems Monitoring application software do?
SOLUTIONS,What is the real time reporting dashboard for Barrla Systems Monitoring application software?
SOLUTIONS,What is the main feature of Barrla Systems Monitoring software?
SOLUTIONS,What is the main feature of Barrla Systems Monitoring?
SOLUTIONS,What is the real time reporting dashboard for Barrla Systems monitoring software?
SOLUTIONS,What is the text mainly about?
SOLUTIONS,What is the passage mainly about?
SOLUTIONS,What is the main topic of this passage?
SOLUTIONS,What are the main topics discussed in this passage?
SOLUTIONS,What was the main topic of this passage?
SOLUTIONS,What is the main idea of this passage?
SOLUTIONS,What is the text about?
SOLUTIONS,What are the main topics of this passage?
SOLUTIONS,What is the main topic of this article?
SOLUTIONS,What is the text describing?
SOLUTIONS,What does BSPL solutions make hosting and publishing devices on the Internet?
SOLUTIONS,What does BSPL solutions make hosting devices on the Internet both Simple and Easy?
SOLUTIONS,What is the Internet of Things?
SOLUTIONS,What is BSPL's solution to hosting and publishing devices on the Internet?
SOLUTIONS,What does BSPL solutions make hosting devices on the internet both Simple and Easy?
SOLUTIONS,What is the main idea of this passage?
SOLUTIONS,What does BSPL solutions make hosting and publishing devices on the Internet both Simple or Easy?
SOLUTIONS,What does BSPL solutions make hosting and publishing devices on the Internet easy?
SOLUTIONS,What is BSPL solutions?
SOLUTIONS,What does BSPL solutions make hosting devices on the Internet?
SOLUTIONS,What is the main purpose of this article?
SOLUTIONS,What is the author's purpose in writing this article?
SOLUTIONS,What is the purpose of this article?
SOLUTIONS,What is the author's main purpose in writing this article?
SOLUTIONS,What is the author's main purpose of writing this article?
SOLUTIONS,What is the author's purpose of writing this article?
SOLUTIONS,What is the main purpose of this passage?
SOLUTIONS,What is the author's purpose in writing this passage?
SOLUTIONS,What is the author's main purpose in writing this passage?
SOLUTIONS,What is the main idea of this article?
ITMSP,What will your employees want to do next?
ITMSP,What is the main idea of this passage?
ITMSP,What is the main idea of this text?
ITMSP,What is the main purpose of this article?
ITMSP,What is the main purpose of this passage?
ITMSP,What is the main purpose of this text?
ITMSP,What is the main idea of this article?
ITMSP,What would be the best title for this passage?
ITMSP,What would be the best title for this text?
ITMSP,What is the purpose of this text?
ITMSP,What is the main purpose of this passage?
ITMSP,What does the author want to do next?
ITMSP,What does the text mainly talk about?
ITMSP,What is the main purpose of this article?
ITMSP,What is the main purpose of this text?
ITMSP,What does the author want to do in this passage?
ITMSP,What does the author want to do in this story?
ITMSP,What does the author want to do with this passage?
ITMSP,What does the author want to do with this text?
ITMSP,What does the author want to do with his research?
CLIENTS,What does the narrator want to do when they grow up?
CLIENTS,What does the writer want to do with their project?
CLIENTS,What does the narrator want to do with their project?
CLIENTS,What does the narrator want to do?
CLIENTS,What does the writer want to do with their research?
CLIENTS,What does the narrator want to do with their research?
CLIENTS,What does the narrator want to do as they grow?
CLIENTS,What does the narrator want to do with their development?
CLIENTS,What does the author want to do with their project?
CLIENTS,What does the narrator want to do when they are growing up?
CLIENTS,What is the main purpose of this passage?
CLIENTS,What is the purpose of this passage?
CLIENTS,What is the main idea of this passage?
CLIENTS,What is the main purpose of this article?
CLIENTS,What does the company do for Banks of all sizes?
CLIENTS,What is the purpose of this article?
CLIENTS,What type of bank do they serve?
CLIENTS,What is the main idea of this article?
CLIENTS,What is the purpose of this text?
CLIENTS,What does the company do for Banks?
CLIENTS,What are some of the Banks that take pride in calling their clients?
CLIENTS,What is the purpose of this passage?
CLIENTS,What is the main idea of this passage?
CLIENTS,What are some of the Banks listed below?
CLIENTS,What is the main purpose of this passage?
CLIENTS,What are the Banks listed below?
CLIENTS,What are some of the Banks listed below that take pride in calling their clients?
CLIENTS,What are some of the Banks mentioned?
CLIENTS,What are some of the Banks that take pride in calling their customers?
CLIENTS,What is the purpose of this text?
CLIENTS,What is the main idea of this passage?
CLIENTS,What does the writer want to do with their money?
CLIENTS,What does the author want to do with their money?
CLIENTS,What does the writer want to do with his money?
CLIENTS,What does the writer want to tell us?
CLIENTS,What does the author want to do with his money?
CLIENTS,What does the writer want people to do?
CLIENTS,What does the writer want to do for their money?
CLIENTS,What does the writer want to tell us about them?
CLIENTS,What does the writer want to tell us about a bank?
CLIENTS,What is the main purpose of this passage?
CLIENTS,What is the main idea of this passage?
CLIENTS,What do you know about the company?
CLIENTS,What is the main purpose of this article?
CLIENTS,What is the main purpose of this text?
CLIENTS,What is the purpose of this passage?
CLIENTS,What is the company's main purpose?
CLIENTS,What is the company's purpose?
CLIENTS,What do we know about the company?
CLIENTS,How would you describe the company?
CLIENTS,What is the main idea of this passage?
CLIENTS,What does the text mainly talk about?
CLIENTS,What is the purpose of this passage?
CLIENTS,What is the main purpose of this passage?
CLIENTS,What is the main idea of this text?
CLIENTS,What is the purpose of this article?
CLIENTS,What is the purpose of this text?
CLIENTS,What is the main purpose of this text?
CLIENTS,What is the main purpose of this article?
CLIENTS,What does the text mainly discuss?
SERVICE LOCATIONS,What is the main idea of this passage?
SERVICE LOCATIONS,What is the main purpose of this passage?
SERVICE LOCATIONS,What do you know about the company that provides advanced high quality Technologies at prices?
SERVICE LOCATIONS,What do you know about the company that delivers advanced high quality Technologies at prices?
SERVICE LOCATIONS,What do you know about the company that delivers advanced high quality Technologies @ prices?
SERVICE LOCATIONS,What do you know about the company that provides advanced high quality Technologies @ prices?
SERVICE LOCATIONS,What is the purpose of this passage?
SERVICE LOCATIONS,What do you know about the company that provides advanced high quality Technologies?
SERVICE LOCATIONS,What is the main purpose of this text?
SERVICE LOCATIONS,What do we know about the company?
SERVICE LOCATIONS,"What does ""Quality First"" stand for?"
SERVICE LOCATIONS,What does Quality First stand for?
SERVICE LOCATIONS,"What does ""Quality First"" mean?"
SERVICE LOCATIONS,What do they strive to keep their products simple and defect free?
SERVICE LOCATIONS,What does the company strive to keep?
SERVICE LOCATIONS,"What does ""Quality First"" stand for in the company?"
SERVICE LOCATIONS,What do they strive to keep?
SERVICE LOCATIONS,What does the company strive to do?
SERVICE LOCATIONS,"What does ""Quality First"" stand for in their products?"
SERVICE LOCATIONS,"What does ""Quality First"" mean to customers?"
SUPPORT,What does Barrla Systems provide?
SUPPORT,What does Barrla Systems do?
SUPPORT,What type of services does Barrla Systems provide?
SUPPORT,What kind of services does Barrla Systems provide?
SUPPORT,What does Barrla Systems offer?
SUPPORT,What does Barrla Systems specialize in?
SUPPORT,What service does Barrla Systems provide?
SUPPORT,What is Barrla Systems's job title?
SUPPORT,What type of services does Barrla Systems offer?
SUPPORT,What kind of services does Barrla Systems offer?
SUPPORT,What do you know about the Service Providers?
SUPPORT,What is the main idea of this passage?
SUPPORT,Which of the following is true about these service providers?
SUPPORT,What do you know about the service providers mentioned?
SUPPORT,What do we learn from the text?
SUPPORT,What do you know about the service providers?
SUPPORT,What do we know about the service providers?
SUPPORT,What is the main idea of this text?
SUPPORT,What is the main idea of this article?
SUPPORT,What do we learn about the service providers?
SUPPORT,What is the purpose of this passage?
SUPPORT,What is the main purpose of this passage?
SUPPORT,What is the purpose of this text?
SUPPORT,What do you know about the company?
SUPPORT,What is the main purpose of this text?
SUPPORT,What do we know about the company?
SUPPORT,How would you describe the company?
SUPPORT,What does the writer want to know about this company?
SUPPORT,What do you know about the company that provides help?
SUPPORT,What does the writer want to know about a company?
SUPPORT,What will Others want to do next?
SUPPORT,What does the writer want to do next?
SUPPORT,What does the author want to do next?
SUPPORT,What does the company want to do next?
SUPPORT,What will Others want to know about the company?
SUPPORT,How would you describe the company?
SUPPORT,What does the company want customers to do?
SUPPORT,What does the customer want to know about this company?
SUPPORT,What does the author want to know about their customers?
SUPPORT,What does the author want to know about customers?
SUPPORT,What do you know about the company that has a reputation of World Class Services delivered by highly skilled professionals?
SUPPORT,What do you know about the company that has a reputation for World Class Services delivered by highly skilled professionals?
SUPPORT,What do you know about the company that provides World Class Services delivered by highly skilled professionals?
SUPPORT,What do you know about the company that has a reputation for being World Class Services delivered by highly skilled professionals?
SUPPORT,What do you know about the company that provides World Class Services?
SUPPORT,What do you know about the company that has a reputation of World Class Services delivered by high skilled professionals?
SUPPORT,What do you know about the company that has a reputation for World Class Services?
SUPPORT,What do you know about the company that has a reputation for World Class Services delivered by high skilled professionals?
SUPPORT,What do you know about the company that provides world class services?
SUPPORT,What is the main purpose of this passage?
SUPPORT,What is the main idea of this passage?
SUPPORT,What is the need for self-servicing industry?
SUPPORT,What does the text mainly talk about?
SUPPORT,What is the need of self-servicing industry?
SUPPORT,What is the need for self-servicing?
SUPPORT,What is the main idea of this text?
SUPPORT,What is the need of self-servicing?
SUPPORT,What is the need for self-servicing industries?
SUPPORT,What is the main purpose of this passage?
SUPPORT,What is the main idea of this article?
SUPPORT,What does the company want to do with their customer base?
SUPPORT,What does the company want to do with their growing customer base?
SUPPORT,What does the company want to do?
SUPPORT,What is the main purpose of this article?
SUPPORT,What does the company want to do next?
SUPPORT,What does the company want to do with its customer base?
SUPPORT,What does the company want to do with their customers?
SUPPORT,What is the purpose of this article?
SUPPORT,What is the purpose of this project?
SUPPORT,What does the company want to do with its customers?
SUPPORT,What do you know about the Support Service Providers?
SUPPORT,What is the main purpose of this article?
SUPPORT,What is the main idea of this article?
SUPPORT,What is the purpose of this article?
SUPPORT,What do you know about the company?
SUPPORT,What do you know about the support service providers?
SUPPORT,What do you know about the support service provider?
SUPPORT,What do you learn from the text?
SUPPORT,What do you know about the project?
SUPPORT,What do you learn about the company?
CONTACT US,What is the telephone number for Barrla Systems?
CONTACT US,What is the phone number for Barrla Systems?
CONTACT US,What is the telephone number for Barrla Systems?
CONTACT US,What is the phone number for Barrla Systems?
CONTACT US,What phone number is used to contact Barrla Systems?
CONTACT US,What is the phone number for this company?
CONTACT US,What is the telephone number for this company?
CONTACT US,What is the telephone number for Barrla systems?
CONTACT US,What phone number is used to contact the company?
CONTACT US,What is the phone number for Barrla systems?
CONTACT US,What country is Tamil Nadu located in?
CONTACT US,What country is Tamil Nadu in?
CONTACT US,What country is Tamil Nadu a part of?
CONTACT US,What country is Tamil Nadu located in?
CONTACT US,What country is Tamil Nadu part of?
CONTACT US,What country is India located in?
CONTACT US,What country is Tamil Nadu from?
CONTACT US,What country is Tamil Nadu in?
CONTACT US,What is the capital city of India?
CONTACT US,What country is the text describing?
CONTACT US,What city is Sivasami Salai from?
CONTACT US,Where is Sivasami Salai from?
CONTACT US,What is the phone number of Sivasami Salai?
CONTACT US,What is the phone number for Sivasami Salai?
CONTACT US,What is Sivasami Salai's address?
CONTACT US,Where is Sivasami Salai's office located?
CONTACT US,Where is Sivasami Salai's office?
CONTACT US,What is the nearest airport to Sivasami Salai?
CONTACT US,Where is Sivasami Salai's home?
CONTACT US,What is the address of Sivasami Salai?
CONTACT US,What company is Barrla Systems Pvt Ltd?
CONTACT US,What is the parent company of Barrla Systems Pvt Ltd?
CONTACT US,What is Barrla Systems Pvt Ltd's parent company?
CONTACT US,What company is Barrla Systems Pvt Ltd associated with?
CONTACT US,What company is Barrla Systems Pvt Ltd a part of?
CONTACT US,What is Barrla Systems Pvt Ltd?
CONTACT US,What company is Barrla Systems Pvt Ltd a subsidiary of?
CONTACT US,What company is Barrla Systems Pvt Ltd part of?
CONTACT US,What company is Barrla Systems Pvt Ltd owned by?
CONTACT US,What is Barrla Systems Pvt Ltd's name?
NEWS & EVENTS,What year was the New Year Celebration held?
NEWS & EVENTS,What year was the New Year Celebration?
NEWS & EVENTS,What is the purpose of this article?
NEWS & EVENTS,What is the best title for this article?
NEWS & EVENTS,What year was the New Year celebration held?
NEWS & EVENTS,What year was the New Year celebration?
NEWS & EVENTS,What is the best title of this article?
NEWS & EVENTS,What year was the New Year's Celebration held?
NEWS & EVENTS,What year was the New Year's celebration?
NEWS & EVENTS,What is the purpose of this passage?
NEWS & EVENTS,What certification was achieved by Barrla Systems?
NEWS & EVENTS,What certification did Barrla Systems achieve?
NEWS & EVENTS,What certification did Barrla Systems get?
NEWS & EVENTS,What certification did Barrla Systems receive?
NEWS & EVENTS,Which certification did Barrla Systems achieve?
NEWS & EVENTS,What certification did Barrla Systems have?
NEWS & EVENTS,What certification does Barrla Systems have?
NEWS & EVENTS,Which certification did Barrla Systems get?
NEWS & EVENTS,What certification has Barrla Systems received?
NEWS & EVENTS,What did Barrla Systems achieve?
NEWS & EVENTS,What year was the New Year Celebration held?
NEWS & EVENTS,What year was the New Year Celebration?
NEWS & EVENTS,What year was the New Year celebration held?
NEWS & EVENTS,What year was the New Year celebration?
NEWS & EVENTS,What year was the New Year's Celebration held?
NEWS & EVENTS,What is the purpose of this article?
NEWS & EVENTS,What is the best title for this article?
NEWS & EVENTS,What is the main event of New Year's celebration?
NEWS & EVENTS,What year was the New Year's celebration held?
NEWS & EVENTS,What year was the New Year's celebration?
NEWS & EVENTS,What company is Barrla Systems a part of?
NEWS & EVENTS,What did Barrla Systems do for City Union Bank?
NEWS & EVENTS,What company is Barrla Systems associated with?
NEWS & EVENTS,What company is Barrla Systems part of?
NEWS & EVENTS,What company did Barrla Systems work for?
NEWS & EVENTS,What does Barrla Systems do for a living?
NEWS & EVENTS,What did Barrla Systems do for the City Union Bank?
NEWS & EVENTS,What did Barrla Systems do?
NEWS & EVENTS,What is the order from City Union Bank?
NEWS & EVENTS,What company is Barrla Systems involved in?
NEWS & EVENTS,How many locations does Barrla Systems cross?
NEWS & EVENTS,How many locations did Barrla Systems cross?
NEWS & EVENTS,How many locations did Barrla Systems cross in Pan India?
NEWS & EVENTS,How many locations has Barrla Systems crossed?
NEWS & EVENTS,How many locations did Barrla Systems successfully cross?
NEWS & EVENTS,How many locations does Barrla Systems cross in Pan India?
NEWS & EVENTS,How many locations did Barrla Systems successfully cross in Pan India?
NEWS & EVENTS,How many locations does Barrla Systems cross?
NEWS & EVENTS,How many locations did Barrla Systems cross?
NEWS & EVENTS,How many locations are there in Pan India?
WHY US,What can IoT do for banks and businesses?
WHY US,What is the main idea of this passage?
WHY US,What are the benefits of IoT for banks and businesses?
WHY US,What are the benefits of IoT?
WHY US,What does the text mainly talk about?
WHY US,What can IoT do for businesses?
WHY US,What is the main idea of this text?
WHY US,What is the main idea of this article?
WHY US,What are the benefits of IoT for banking and businesses?
WHY US,What can IoT help banks and businesses with?
WHY US,What will Others want to do next?
WHY US,What will the company want to do next?
WHY US,What does the company want to do next?
WHY US,What does the company want to do with their customers?
WHY US,What does the company want to do with their employees?
WHY US,What will the company do next?
WHY US,What does the company want to do with its customers?
WHY US,What does the company want to do with its employees?
WHY US,What does the company want to do?
WHY US,What does the author want to do with their company?
SOLUTIONS,What does BSPL stand for?
SOLUTIONS,What does BSPL provide solutions to host the Internet of Things devices?
SOLUTIONS,What is BSPL's purpose in providing solutions to host the Internet of Things devices?
SOLUTIONS,What do you know about BSPL?
SOLUTIONS,What is BSPL's goal in providing solutions to host the Internet of Things devices?
SOLUTIONS,What is BSPL's role in the Internet of Things?
SOLUTIONS,What is BSPL's goal?
SOLUTIONS,What is BSPL's goal in hosting the Internet of Things devices?
SOLUTIONS,What does BSPL provide solutions to host the Internet of Things devices by offering?
SOLUTIONS,What does BSPL provide solutions to host the Internet of Things device?
SOLUTIONS,What does the text mainly talk about?
SOLUTIONS,What is the main purpose of this article?
SOLUTIONS,What is the purpose of this article?
SOLUTIONS,What is the main purpose of this passage?
SOLUTIONS,What is the main purpose of this text?
SOLUTIONS,What is the purpose of this passage?
SOLUTIONS,What is the purpose of this text?
SOLUTIONS,What is the main topic of this article?
SOLUTIONS,What is the primary purpose of this article?
SOLUTIONS,What does the text mainly discuss?
SOLUTIONS,What can terminal statuses be changed from the Cloud?
SOLUTIONS,What can terminal statuses be changed from the cloud?
SOLUTIONS,What can be changed from the cloud?
SOLUTIONS,What can terminals be changed from the Cloud?
SOLUTIONS,What can terminals be changed from the cloud?
SOLUTIONS,What can be changed from the Cloud?
SOLUTIONS,What is the main idea of this passage?
SOLUTIONS,What can terminals do from the cloud?
SOLUTIONS,How can terminals be changed from the cloud?
SOLUTIONS,What can terminals do from the Cloud?
ABOUT US,"What are the strengths of their marketing, sales & support teams?"
ABOUT US,"What are the strengths of this company's marketing, sales & support teams?"
ABOUT US,"What do you know about the marketing, sales & support teams?"
ABOUT US,"What are the strengths of their marketing, sales and support teams?"
ABOUT US,"What are the strengths of this company's marketing, sales & support team?"
ABOUT US,"What are the strengths of this company's marketing, sales and support teams?"
ABOUT US,"What are the strengths of their marketing, sales & support team?"
ABOUT US,What are the strengths of this company?
ABOUT US,"What do you know about the marketing, sales and support teams?"
ABOUT US,"What do you know about the marketing, sales & support team?"
ABOUT US,What is the best way to communicate with terminals?
ABOUT US,What is the text mainly about?
ABOUT US,What is the best way to communicate with Terminals?
ABOUT US,What is the main purpose of this passage?
ABOUT US,What is the main topic of this passage?
ABOUT US,What would be the best title for this passage?
ABOUT US,What is the main purpose of this article?
ABOUT US,What is the best title for this passage?
ABOUT US,What is the main topic of this article?
ABOUT US,What is the best title of this passage?
ABOUT US,What do you need to know about SSL certificates?
ABOUT US,What can be done to initiate a SSL certificate?
ABOUT US,What can SSL certificates be initiated from?
ABOUT US,What is the main idea of this passage?
ABOUT US,What can be done to initiate SSL certificates from a central location?
ABOUT US,What can be done to initiate a SSL certificate for each active terminal?
ABOUT US,What can be done to initiate SSL certificates?
ABOUT US,What is the main idea of this article?
ABOUT US,What can be done to initiate a SSL certificate from Central location?
ABOUT US,What can be done to initiate a SSL certificate from the Central location?
ABOUT US,What can be done from the central location?
ABOUT US,"What can be done from the central location for terminals, devices and services?"
ABOUT US,"What can be done to enable or disabling the terminals, devices and services?"
ABOUT US,"What can be initiated from the central location for terminals, devices and services?"
ABOUT US,What can be done from a central location?
ABOUT US,What can be initiated from the central location?
ABOUT US,"What can be done from the central location to enable or disabling terminals, devices and services?"
ABOUT US,"What can be done from a central location for terminals, devices and services?"
ABOUT US,What can be done to enable or disabling the terminals?
ABOUT US,What can be done from the central location for terminals?
ABOUT US,What is the text mainly about?
ABOUT US,What is the purpose of this article?
ABOUT US,What is the main purpose of this article?
ABOUT US,What is the purpose of this passage?
ABOUT US,What is the main idea of this passage?
ABOUT US,What is the main purpose of this passage?
ABOUT US,What is the main topic of this passage?
ABOUT US,What is the best title for this passage?
ABOUT US,What is the best title of this passage?
ABOUT US,What is the main idea of this article?
ABOUT US,What do you need to schedule application patches for?
ABOUT US,What does the user need to do before they can schedule application patches?
ABOUT US,What does the user need to do before they can schedule a patch?
ABOUT US,What does the person need to do before they can schedule application patches?
ABOUT US,What does the person need to do before they can schedule a patch?
ABOUT US,What do you need to schedule application patches in?
ABOUT US,What does the user need to do before they can schedule patches?
ABOUT US,What do you need to schedule application patches?
ABOUT US,What does the user need to do before they can schedule patched applications?
ABOUT US,What do you need to schedule application patches on?
ABOUT US,What is the main topic of this passage?
ABOUT US,What is the text describing?
ABOUT US,What is the main topic of this article?
ABOUT US,What is the text mainly about?
ABOUT US,What is the primary purpose of this article?
ABOUT US,What is the best title for this passage?
ABOUT US,What is the text titled?
ABOUT US,What is the best title for this article?
ABOUT US,What is the best title of this passage?
ABOUT US,What is the best title of this article?
ABOUT US,What is the purpose of SNMP reporting?
ABOUT US,What are the SNMP reporting enabled on?
ABOUT US,What is the SNMP reporting enabled for?
ABOUT US,What is the SNMP reporting enabled on?
ABOUT US,What are the SNMP reporting enabled for?
ABOUT US,What are the SNMP reporting capabilities?
ABOUT US,What does the SNMP report enable?
ABOUT US,What are the SNMP reports for?
ABOUT US,What does SNMP allow?
ABOUT US,What does SNMP enable?
ABOUT US,"What are the ""Service Application Level Shared Reports""?"
ABOUT US,"What are the ""Service application level shared reports""?"
ABOUT US,"What are the ""service application level shared reports""?"
ABOUT US,"What are the ""Service Application Level Shared Reports"" available for?"
ABOUT US,"What are the ""Service application level shared reports"" available for?"
ABOUT US,"What are the ""service level shared reports""?"
ABOUT US,"What are the ""Service Application Level Shared Reports"" available as?"
ABOUT US,"What are the ""service application level shared reports"" available for?"
ABOUT US,"What are the ""Service Application Level Shared Reports"" referred to as?"
ABOUT US,"What are the ""Service Application Level Shared Reports""?"
ABOUT US,"What kind of alarms can be set to inform the Terminal, Device?"
ABOUT US,"What type of alarms can be set to inform the Terminal, Device?"
ABOUT US,"What type of alarm can be set to inform the Terminal, Device?"
ABOUT US,"What can be set to inform the Terminal, Device?"
ABOUT US,"What can be set to notify the Terminal, Device?"
ABOUT US,"What type of alarms can be set to notify the Terminal, Device?"
ABOUT US,"What can be set to alert the Terminal, Device?"
ABOUT US,"What kind of alarms can be set to notify the Terminal, Device?"
ABOUT US,What kind of alarms can be set to inform the Terminal?
ABOUT US,What type of alarms can be set to inform the Terminal?
ABOUT US,What do they use to communicate with customers?
ABOUT US,What is the service level statuses?
ABOUT US,What is the most common way to communicate with a customer?
ABOUT US,What do they use to communicate with their customers?
ABOUT US,What is the service level status?
ABOUT US,What is the most common form of communication?
ABOUT US,What is the most common method of communication?
ABOUT US,What is the service level status of a customer?
ABOUT US,What is the primary method of communication?
ABOUT US,What is the most common method of communication for a customer?
SOLUTIONS,What is Terminal Management and Monitoring Portal?
SOLUTIONS,What is Terminal Management and Monitoring portal?
SOLUTIONS,What is Terminal Management and Monitoring?
SOLUTIONS,What is the purpose of Terminal Management and Monitoring Portal?
SOLUTIONS,What are the features of Terminal Management and Monitoring Portal?
SOLUTIONS,What is the purpose of Terminal Management and Monitoring?
SOLUTIONS,What is the purpose of Terminal Management and Monitoring portal?
SOLUTIONS,What are the features of Terminal Management and Monitoring portal?
SOLUTIONS,What does Terminal Management and Monitoring Portal stand for?
SOLUTIONS,What does Terminal Management and Monitoring portal stand for?
NEWS & EVENTS,What company has completed POC for Aadhaar Seeding to CUB?
NEWS & EVENTS,What company completed the POC for Aadhaar Seeding to CUB?
NEWS & EVENTS,What company completed POC for Aadhaar Seeding to CUB?
NEWS & EVENTS,Which company completed the POC for Aadhaar Seeding to CUB?
NEWS & EVENTS,What did Barrla Systems do for Aadhaar Seeding to CUB?
NEWS & EVENTS,What did Barrla Systems do for Aadhaar Seeding?
NEWS & EVENTS,What company completed the POC for Aadhaar Seeding?
NEWS & EVENTS,What company has completed POC for Aadhaar Seeding?
NEWS & EVENTS,Which company completed the POC for Aadhaar Seeding?
NEWS & EVENTS,What company completed POC for Aadhaar Seeding?
SOLUTIONS,What led to the possibilities of connecting every object or thing?
SOLUTIONS,What led to the possibility of connecting every object or thing?
SOLUTIONS,What did software services lead to?
SOLUTIONS,What is the main idea of this passage?
SOLUTIONS,What is the text mainly about?
SOLUTIONS,What led to the possibilities of connecting all objects or things?
SOLUTIONS,What does the text mainly talk about?
SOLUTIONS,What is the main idea of this text?
SOLUTIONS,What was the main idea of this passage?
SOLUTIONS,What led to the possibilities of connecting everything?
